{"init_params": {"cat_dims": [], "cat_emb_dim": [], "cat_idxs": [], "clip_value": 1, "device_name": "cuda", "epsilon": 1e-15, "gamma": 1.2440081992558107, "grouped_features": [], "input_dim": 22, "lambda_sparse": 0.0002222875881602474, "mask_type": "sparsemax", "momentum": 0.06951885842832625, "n_a": 48, "n_d": 24, "n_indep_decoder": 1, "n_independent": 2, "n_shared": 1, "n_shared_decoder": 1, "n_steps": 4, "optimizer_params": {"lr": 0.0011394975383666902, "weight_decay": 0.0004700056013455109}, "output_dim": 2, "scheduler_params": {"step_size": 30, "gamma": 0.9}, "seed": 42, "verbose": 0}, "class_attrs": {"preds_mapper": {"0": 0, "1": 1}}}