{"init_params": {"cat_dims": [], "cat_emb_dim": [], "cat_idxs": [], "clip_value": 1, "device_name": "cuda", "epsilon": 1e-15, "gamma": 1.0243410284342667, "grouped_features": [], "input_dim": 17, "lambda_sparse": 1.1277669702566873e-05, "mask_type": "entmax", "momentum": 0.3101421713603206, "n_a": 48, "n_d": 48, "n_indep_decoder": 1, "n_independent": 2, "n_shared": 1, "n_shared_decoder": 1, "n_steps": 4, "optimizer_params": {"lr": 0.0013289111454532017, "weight_decay": 4.839785524154521e-07}, "output_dim": 2, "scheduler_params": {"step_size": 30, "gamma": 0.9}, "seed": 42, "verbose": 0}, "class_attrs": {"preds_mapper": {"0": 0, "1": 1}}}