{"init_params": {"cat_dims": [], "cat_emb_dim": [], "cat_idxs": [], "clip_value": 1, "device_name": "cuda", "epsilon": 1e-15, "gamma": 1.1328655819597524, "grouped_features": [], "input_dim": 16, "lambda_sparse": 0.0003876841997190064, "mask_type": "entmax", "momentum": 0.1530740200175051, "n_a": 24, "n_d": 32, "n_indep_decoder": 1, "n_independent": 2, "n_shared": 2, "n_shared_decoder": 1, "n_steps": 3, "optimizer_params": {"lr": 0.00244163048638402, "weight_decay": 0.00014428605036315932}, "output_dim": 2, "scheduler_params": {"step_size": 30, "gamma": 0.9}, "seed": 42, "verbose": 0}, "class_attrs": {"preds_mapper": {"0": 0, "1": 1}}}