{"init_params": {"cat_dims": [], "cat_emb_dim": [], "cat_idxs": [], "clip_value": 1, "device_name": "cuda", "epsilon": 1e-15, "gamma": 1.0721135936885733, "grouped_features": [], "input_dim": 14, "lambda_sparse": 9.3002472507753e-06, "mask_type": "entmax", "momentum": 0.07721169669799786, "n_a": 24, "n_d": 48, "n_indep_decoder": 1, "n_independent": 2, "n_shared": 1, "n_shared_decoder": 1, "n_steps": 3, "optimizer_params": {"lr": 0.002788726033943468, "weight_decay": 3.2534415885458395e-07}, "output_dim": 2, "scheduler_params": {"step_size": 30, "gamma": 0.9}, "seed": 42, "verbose": 0}, "class_attrs": {"preds_mapper": {"0": 0, "1": 1}}}